Selección de líneas de hierro para Arcturus-PEPSI;;;;;;;;;;;;;;
Rango:;3940-9130;;;;;;;;;;;;;
"Copiadas de Nave (solo calidad A; en total hay 1312)";;;;;;;;;;;;;;
;;;;;;;;;;;;;;
;;;;;;;;;;;;;;
;Aparentemente buenas (481);;;;;posibles mezclas (338);;;;;;;;
;;;;;;;;;;;;;;
;l vac;l aire;c;;;l vac;l aire;c;;;;;;
;;;;;;;;;;;;;;
;3941.9931;3940.8776;0.958;;;3942.3909;3941.2753;3.266;;;;;;
;4030.768;4029.6293;3.266;;;3948.112;3946.9949;3.211;;;;;;
;4060.8601;4059.7135;3.546;;;3949.2147;3948.0973;3.241;;;;;;
;4074.9125;4073.7623;3.266;;;4001.5883;4000.4572;2.99;;;;;;
;4081.3611;4080.2092;3.283;;;4002.7931;4001.6617;2.176;;;;;;
;4086.1573;4085.0041;2.845;;;4007.4434;4006.3108;3.267;;;;;;
;4088.2476;4087.0939;3.332;;;4012.5414;4011.4075;2.559;;;;;;
;4090.3712;4089.2169;2.949;;;4033.1;4031.9607;3.274;;;;;;
;4110.2156;4109.0561;3.292;;;4085.6446;4084.4915;3.332;;;;;;
;4121.3689;4120.2065;2.99;;;4101.8952;4100.7379;0.859;;;;;;
;4141.0949;4139.9273;0.99;;;4102.4185;4101.2611;3.396;;;;;;
;4155.6701;4154.4987;2.831;;;4105.2718;4104.1136;3.266;;;;;;
;4155.977;4154.8055;3.368;;;4107.5817;4106.4229;3.396;;;;;;
;4159.965;4158.7924;3.43;;;4114.1194;4112.9589;4.178;;;;;;
;4176.813;4175.6361;2.845;;;4122.9655;4121.8026;2.831;;;;;;
;4186.0712;4184.8918;2.831;;;4123.6785;4122.5155;2.845;;;;;;
;4208.3123;4207.1271;2.831;;;4127.0443;4125.8804;2.845;;;;;;
;4209.7896;4208.604;3.396;;;4127.3466;4126.1827;3.332;;;;;;
;4223.4023;4222.2131;2.449;;;4134.0649;4132.8992;2.845;;;;;;
;4234.795;4233.6028;2.482;;;4138.1645;4136.9977;3.415;;;;;;
;4265.4037;4264.2034;3.368;;;4147.2334;4146.0642;2.99;;;;;;
;4268.1654;4266.9645;2.727;;;4148.8386;4147.669;1.485;;;;;;
;4286.6478;4285.442;3.237;;;4151.4194;4150.2491;3.43;;;;;;
;4344.9186;4343.6975;3.047;;;4158.9523;4157.7801;3.417;;;;;;
;4347.7745;4346.5526;3.301;;;4177.7431;4176.5659;3.368;;;;;;
;4350.1591;4348.9366;2.99;;;4183.5613;4182.3826;3.017;;;;;;
;4433.8124;4432.5678;3.573;;;4188.2189;4187.039;2.449;;;;;;
;4438.1663;4436.9206;3.047;;;4188.9756;4187.7954;2.425;;;;;;
;4443.5861;4442.339;2.198;;;4196.5112;4195.3291;3.332;;;;;;
;4446.7194;4445.4715;0.087;;;4197.3907;4196.2083;3.396;;;;;;
;4448.0804;4446.8321;3.686;;;4201.1668;4199.9835;0.087;;;;;;
;4448.3788;4447.1304;2.198;;;4203.937;4202.753;3.047;;;;;;
;4448.9658;4447.7173;2.223;;;4204.7521;4203.5678;1.011;;;;;;
;4455.6312;4454.381;2.831;;;4206.7233;4205.5385;3.417;;;;;;
;4457.5765;4456.3257;3.047;;;4214.8343;4213.6474;2.845;;;;;;
;4462.905;4461.6528;0.087;;;4221.5304;4220.3417;3.071;;;;;;
;4482.8668;4481.6093;3.686;;;4225.3613;4224.1717;3.368;;;;;;
;4485.478;4484.2198;3.602;;;4225.7025;4224.5128;3.43;;;;;;
;4486.9341;4485.6756;3.686;;;4230.9428;4229.7516;1.485;;;;;;
;4490.9987;4489.7391;0.121;;;4233.9182;4232.7263;0.11;;;;;;
;4491.3437;4490.084;3.017;;;4239.2172;4238.0238;3.417;;;;;;
;4495.8241;4494.5632;2.198;;;4240.0035;4238.81;3.396;;;;;;
;4503.8539;4502.5909;3.573;;;4259.5145;4258.3158;0.087;;;;;;
;4518.7914;4517.5245;3.071;;;4260.1505;4258.9517;3.018;;;;;;
;4549.1224;4547.8474;3.546;;;4269.0276;4267.8265;3.111;;;;;;
;4557.403;4556.1259;3.602;;;4283.6079;4282.4029;2.176;;;;;;
;4599.4054;4598.1171;3.283;;;4289.3523;4288.1458;2.758;;;;;;
;4603.2903;4602.001;1.608;;;4292.671;4291.4637;0.052;;;;;;
;4604.2305;4602.941;1.485;;;4295.3328;4294.1248;1.485;;;;;;
;4620.0514;4618.7577;2.949;;;4299.2455;4298.0364;3.047;;;;;;
;4620.5818;4619.288;3.602;;;4305.7516;4304.5408;2.949;;;;;;
;4626.3406;4625.0453;3.241;;;4327.9699;4326.7533;2.949;;;;;;
;4631.417;4630.1203;2.279;;;4328.3124;4327.0956;3.546;;;;;;
;4637.1444;4635.8462;2.845;;;4329.1203;4327.9034;3.301;;;;;;
;4638.802;4637.5034;3.283;;;4338.2657;4337.0463;1.557;;;;;;
;4644.7636;4643.4634;3.654;;;4352.767;4351.5439;2.99;;;;;;
;4680.1554;4678.8458;3.602;;;4359.7242;4358.4991;2.949;;;;;;
;4684.8705;4683.5597;2.831;;;4374.7896;4373.5607;3.018;;;;;;
;4706.2646;4704.9481;3.686;;;4377.1597;4375.9301;0;;;;;;
;4722.3214;4721.0006;2.99;;;4389.1239;4387.8912;3.071;;;;;;
;4737.1686;4735.8439;4.076;;;4389.6397;4388.4068;3.602;;;;;;
;4738.0983;4736.7734;3.211;;;4402.5261;4401.2899;3.602;;;;;;
;4742.8559;4741.5297;2.831;;;4423.81;4422.5681;2.845;;;;;;
;4788.1452;4786.807;3.017;;;4431.433;4430.1891;3.017;;;;;;
;4789.1654;4787.8269;2.998;;;4431.858;4430.614;2.223;;;;;;
;4790.0956;4788.7569;3.237;;;4434.4634;4433.2187;3.654;;;;;;
;4799.6061;4798.2649;4.186;;;4439.5893;4438.3433;3.686;;;;;;
;4800.7476;4799.4061;3.64;;;4444.0788;4442.8316;2.176;;;;;;
;4834.078;4832.7276;3.64;;;4451.5648;4450.3156;3.111;;;;;;
;4840.8967;4839.5445;3.267;;;4456.2777;4455.0273;3.881;;;;;;
;4844.497;4843.1438;3.396;;;4459.3315;4458.0802;3.883;;;;;;
;4847.002;4845.6482;3.635;;;4460.3692;4459.1176;2.176;;;;;;
;4861.099;4859.7414;2.875;;;4467.8053;4466.5518;2.831;;;;;;
;4872.6789;4871.3182;2.865;;;4470.6298;4469.3756;3.654;;;;;;
;4877.2394;4875.8776;3.332;;;4481.3936;4480.1366;3.047;;;;;;
;4883.5069;4882.1434;3.417;;;4483.9971;4482.7393;3.654;;;;;;
;4886.795;4885.4306;3.881;;;4492.0199;4490.7601;3.943;;;;;;
;4887.6964;4886.3318;4.154;;;4515.45;4514.1839;3.047;;;;;;
;4894.2253;4892.8589;4.217;;;4532.4187;4531.1482;1.485;;;;;;
;4909.1021;4907.7318;3.43;;;4548.2916;4547.0169;1.557;;;;;;
;4910.7542;4909.3835;3.928;;;4561.3662;4560.0881;3.602;;;;;;
;4911.3878;4910.0169;3.396;;;4576;4574.7179;2.279;;;;;;
;4911.6968;4910.3258;4.191;;;4588.4129;4587.1276;3.573;;;;;;
;4911.9359;4910.5648;4.217;;;4597.3482;4596.0605;3.602;;;;;;
;4913.1507;4911.7794;3.928;;;4601.1312;4599.8425;4.312;;;;;;
;4918.6028;4917.23;4.191;;;4648.7355;4647.4342;2.949;;;;;;
;4919.3855;4918.0125;4.23;;;4663.2754;4661.9703;2.99;;;;;;
;4926.1443;4924.7695;2.279;;;4670.4782;4669.1711;3.654;;;;;;
;4928.7937;4927.4182;3.573;;;4681.6048;4680.2948;1.608;;;;;;
;4940.1923;4938.8138;2.875;;;4708.5916;4707.2745;3.241;;;;;;
;4940.6177;4939.2391;4.217;;;4708.8049;4707.4877;2.845;;;;;;
;4941.0654;4939.6867;0.859;;;4729.8685;4728.5457;3.654;;;;;;
;4943.8387;4942.4592;4.22;;;4730.3421;4729.0192;4.076;;;;;;
;4947.7686;4946.3881;3.368;;;4734.9157;4733.5917;1.485;;;;;;
;4951.4876;4950.106;3.417;;;4738.9605;4737.6354;3.267;;;;;;
;4963.9567;4962.5719;4.178;;;4741.666;4740.3401;3.018;;;;;;
;4967.4747;4966.0889;3.332;;;4747.1274;4745.8001;3.654;;;;;;
;4969.2836;4967.8974;4.191;;;4758.9085;4757.578;3.274;;;;;;
;4971.3044;4969.9176;4.217;;;4790.9897;4789.6508;3.546;;;;;;
;4983.8901;4982.4999;4.103;;;4792.5855;4791.2462;3.274;;;;;;
;4984.6411;4983.2507;4.154;;;4801.9909;4800.649;4.143;;;;;;
;4985.2434;4983.8529;4.103;;;4804.2222;4802.8797;3.642;;;;;;
;4986.6438;4985.2529;3.928;;;4804.2222;4802.8797;3.694;;;;;;
;4986.9382;4985.5473;2.865;;;4809.0525;4807.7088;3.368;;;;;;
;4987.6138;4986.2226;4.217;;;4839.8637;4838.5118;3.417;;;;;;
;4995.5228;4994.1295;0.915;;;4845.3671;4844.0138;3.546;;;;;;
;5000.5071;4999.1125;4.186;;;4857.0297;4855.6732;3.368;;;;;;
;5003.2589;5001.8636;3.881;;;4865.0023;4863.6437;3.43;;;;;;
;5004.1883;5002.7927;3.396;;;4873.4986;4872.1378;2.882;;;;;;
;5007.1086;5005.7123;3.883;;;4888.5587;4887.1939;4.191;;;;;;
;5007.5155;5006.1191;2.832;;;4892.1209;4890.7551;2.875;;;;;;
;5016.3412;5014.9425;3.943;;;4892.8584;4891.4924;2.851;;;;;;
;5023.6362;5022.2355;3.984;;;4931.6916;4930.3154;3.96;;;;;;
;5029.5286;5028.1264;3.573;;;4934.7184;4933.3413;4.23;;;;;;
;5045.6179;5044.2114;2.851;;;4947.0177;4945.6374;4.209;;;;;;
;5056.0519;5054.6426;3.64;;;4971.8828;4970.4958;3.635;;;;;;
;5061.4898;5060.079;0;;;4990.3419;4988.9501;4.154;;;;;;
;5068.5622;5067.1496;4.22;;;5005.4402;5004.0443;4.209;;;;;;
;5070.1789;5068.7658;2.94;;;5024.5876;5023.1866;4.283;;;;;;
;5076.163;5074.7483;4.22;;;5029.1588;5027.7567;4.209;;;;;;
;5084.7555;5083.3386;0.958;;;5031.0203;5029.6176;3.415;;;;;;
;5092.1929;5090.774;4.256;;;5032.1816;5030.7786;3.237;;;;;;
;5128.788;5127.3593;0.915;;;5051.2278;5049.8198;2.279;;;;;;
;5138.8135;5137.3822;4.178;;;5066.6048;5065.1927;3.642;;;;;;
;5143.1715;5141.739;2.424;;;5073.4923;5072.0784;4.283;;;;;;
;5152.2744;5150.8395;0.99;;;5074.0862;5072.6721;4.22;;;;;;
;5163.7108;5162.2729;4.178;;;5077.6796;5076.2646;4.301;;;;;;
;5167.7212;5166.2822;0;;;5080.3906;5078.9748;4.301;;;;;;
;5216.6327;5215.1806;3.266;;;5080.6389;5079.223;2.198;;;;;;
;5218.842;5217.3893;3.211;;;5081.156;5079.74;0.99;;;;;;
;5224.6397;5223.1855;3.635;;;5098.4186;5096.998;4.283;;;;;;
;5229.8323;5228.3767;4.22;;;5100.4984;5099.0773;3.984;;;;;;
;5234.3971;5232.9403;2.94;;;5111.0759;5109.652;4.301;;;;;;
;5243.9504;5242.4911;3.634;;;5117.2037;5115.7781;3.573;;;;;;
;5245.2366;5243.7769;4.256;;;5125.1476;5123.72;1.011;;;;;;
;5251.6703;5250.2089;0.121;;;5132.8984;5131.4687;2.223;;;;;;
;5254.924;5253.4617;3.283;;;5135.1188;5133.6885;4.178;;;;;;
;5283.2601;5281.7904;3.038;;;5149.477;5148.0428;4.283;;;;;;
;5300.2502;5298.7758;3.642;;;5149.6634;5148.2292;4.256;;;;;;
;5308.8376;5307.361;1.608;;;5160.4947;5159.0576;4.283;;;;;;
;5323.5213;5322.0408;2.279;;;5189.3589;5187.9142;4.143;;;;;;
;5327.6244;5326.1428;3.573;;;5196.3884;5194.9418;1.557;;;;;;
;5341.4147;5339.9294;3.266;;;5196.9191;5195.4723;4.22;;;;;;
;5366.3632;5364.8713;4.445;;;5197.5065;5196.0596;4.256;;;;;;
;5366.8911;5365.3991;3.573;;;5200.1588;5198.7111;2.223;;;;;;
;5371.4552;5369.9619;4.371;;;5217.7263;5216.274;1.608;;;;;;
;5375.2029;5373.7086;4.473;;;5226.9809;5225.5261;0.11;;;;;;
;5381.0699;5379.574;3.694;;;5227.5211;5226.0661;3.415;;;;;;
;5384.8661;5383.3692;4.312;;;5228.3175;5226.8623;3.038;;;;;;
;5390.9777;5389.4792;4.415;;;5248.511;5247.0504;0.087;;;;;;
;5398.6285;5397.128;0.915;;;5252.1075;5250.646;2.198;;;;;;
;5399.7803;5398.2794;4.445;;;5264.7711;5263.3063;3.266;;;;;;
;5412.414;5410.9098;4.473;;;5265.33;5263.865;3.573;;;;;;
;5416.7047;5415.1993;4.386;;;5268.0211;5266.5554;2.998;;;;;;
;5425.5759;5424.0682;4.32;;;5271.0039;5269.5374;0.859;;;;;;
;5434.458;5432.9479;4.445;;;5271.8231;5270.3564;1.608;;;;;;
;5436.0344;5434.5238;1.011;;;5274.6311;5273.1636;3.292;;;;;;
;5446.5558;5445.0424;4.386;;;5274.8411;5273.3736;2.484;;;;;;
;5464.4776;5462.9595;4.473;;;5285.0913;5283.621;3.241;;;;;;
;5464.7944;5463.2762;4.434;;;5289.9963;5288.5247;3.694;;;;;;
;5465.798;5464.2796;4.143;;;5325.6601;5324.179;3.211;;;;;;
;5467.9152;5466.3962;4.371;;;5331.4717;5329.9891;4.076;;;;;;
;5468.507;5466.9878;3.573;;;5334.3831;5332.8997;1.557;;;;;;
;5474.2298;5472.7091;4.209;;;5342.5096;5341.024;1.608;;;;;;
;5475.4215;5473.9005;4.154;;;5351.2255;5349.7376;4.386;;;;;;
;5499.0434;5497.5161;1.011;;;5372.9834;5371.4897;0.958;;;;;;
;5502.9937;5501.4653;0.958;;;5394.6671;5393.1676;3.241;;;;;;
;5523.9805;5522.4465;4.209;;;5399.1185;5397.6178;3.634;;;;;;
;5527.0791;5525.5443;4.23;;;5405.3239;5403.8215;4.076;;;;;;
;5545.4754;5543.9357;4.217;;;5407.2781;5405.7752;0.99;;;;;;
;5548.0463;5546.5058;4.371;;;5410.6373;5409.1336;4.371;;;;;;
;5564.2512;5562.7065;4.434;;;5448.0967;5446.5829;4.415;;;;;;
;5571.1647;5569.6181;3.417;;;5477.8102;5476.2885;4.143;;;;;;
;5577.6371;5576.0888;3.43;;;5478.086;5476.5642;4.103;;;;;;
;5586.3154;5584.7647;3.573;;;5484.6223;5483.0988;4.154;;;;;;
;5588.3071;5586.7559;3.368;;;5489.2708;5487.746;4.32;;;;;;
;5589.1254;5587.574;4.143;;;5495.0251;5493.4988;4.103;;;;;;
;5620.1925;5618.6327;4.209;;;5508.309;5506.7791;0.99;;;;;;
;5621.1554;5619.5954;4.386;;;5544.7292;5543.1896;4.913;;;;;;
;5625.5831;5624.022;4.386;;;5556.4378;5554.8951;4.548;;;;;;
;5635.5103;5633.9465;4.991;;;5561.7557;5560.2116;4.434;;;;;;
;5637.3869;5635.8226;4.256;;;5567.2496;5565.704;4.607;;;;;;
;5638.2607;5636.6962;3.64;;;5568.9371;5567.3911;2.608;;;;;;
;5638.6727;5637.1081;3.642;;;5574.3899;5572.8424;3.396;;;;;;
;5639.8271;5638.2621;4.22;;;5601.7789;5600.2242;4.26;;;;;;
;5651.5554;5649.9873;5.099;;;5616.8554;5615.2966;2.588;;;;;;
;5653.0375;5651.469;4.473;;;5617.2028;5615.6439;3.332;;;;;;
;5653.8867;5652.318;4.26;;;5622.0526;5620.4924;4.154;;;;;;
;5655.4359;5653.8668;4.386;;;5626.1035;5624.5422;3.417;;;;;;
;5656.7459;5655.1765;5.064;;;5647.4008;5645.8338;4.607;;;;;;
;5657.0595;5655.49;5.033;;;5651.1986;5649.6306;3.634;;;;;;
;5661.1454;5659.5747;5.085;;;5662.3721;5660.8011;3.64;;;;;;
;5662.9166;5661.3455;4.284;;;5669.0908;5667.518;4.178;;;;;;
;5664.0877;5662.5162;4.178;;;5679.2603;5677.6848;4.103;;;;;;
;5680.5988;5679.0229;4.652;;;5679.9544;5678.3788;3.883;;;;;;
;5681.8166;5680.2404;4.186;;;5693.0762;5691.497;4.301;;;;;;
;5688.1081;5686.5302;4.548;;;5697.67;5696.0896;4.548;;;;;;
;5703.1265;5701.5446;2.559;;;5699.6009;5698.02;3.64;;;;;;
;5706.3164;5704.7337;5.033;;;5711.5164;5709.9323;4.256;;;;;;
;5707.0475;5705.4646;4.301;;;5713.7163;5712.1316;3.417;;;;;;
;5716.1345;5714.5491;5.085;;;5722.4852;5720.8982;4.548;;;;;;
;5719.4191;5717.8329;4.284;;;5755.9986;5754.4026;3.642;;;;;;
;5726.0428;5724.4547;4.284;;;5764.5905;5762.9922;4.209;;;;;;
;5733.3522;5731.7623;4.256;;;5782.2031;5780.6001;3.241;;;;;;
;5733.8861;5732.296;4.991;;;5782.4074;5780.8043;3.266;;;;;;
;5736.1559;5734.5652;4.955;;;5799.7791;5798.1714;3.928;;;;;;
;5739.8194;5738.2277;4.22;;;5805.6443;5804.035;3.881;;;;;;
;5743.4411;5741.8484;4.256;;;5818.6893;5817.0765;4.955;;;;;;
;5744.5529;5742.96;4.178;;;5837.1913;5835.5735;2.831;;;;;;
;5753.6274;5752.032;4.548;;;5850.8064;5849.185;3.267;;;;;;
;5754.7184;5753.1227;4.26;;;5862.7342;5861.1096;4.283;;;;;;
;5760.8595;5759.2621;4.652;;;5865.8698;5864.2444;4.301;;;;;;
;5761.1386;5759.5412;4.301;;;5872.931;5871.3037;4.154;;;;;;
;5761.9422;5760.3446;3.642;;;5874.8407;5873.2129;4.256;;;;;;
;5770.9229;5769.3228;4.607;;;5877.9068;5876.2782;4.301;;;;;;
;5776.6821;5775.0806;4.22;;;5881.6568;5880.0272;4.558;;;;;;
;5777.8263;5776.2244;3.694;;;5882.9101;5881.2801;4.607;;;;;;
;5783.7131;5782.1096;5.064;;;5892.8085;5891.1759;4.652;;;;;;
;5786.2625;5784.6584;3.396;;;5903.1668;5901.5314;4.22;;;;;;
;5793.1299;5791.5239;4.584;;;5936.2992;5934.6549;3.928;;;;;;
;5795.5214;5793.9148;4.22;;;5949.1592;5947.5115;4.607;;;;;;
;5807.3669;5805.7571;5.033;;;5964.8905;5963.2386;2.223;;;;;;
;5808.3349;5806.7249;4.607;;;5977.8158;5976.1604;4.294;;;;;;
;5809.3941;5807.7838;3.292;;;5978.0946;5976.4391;4.178;;;;;;
;5813.5259;5811.9145;4.143;;;5986.4728;5984.8151;4.733;;;;;;
;5816.4197;5814.8075;4.283;;;5988.7232;5987.0649;4.795;;;;;;
;5829.4928;5827.8771;3.283;;;5999.4391;5997.7778;4.607;;;;;;
;5836.7184;5835.1008;4.256;;;6035.7064;6034.0355;4.312;;;;;;
;5839.3196;5837.7012;4.294;;;6062.3024;6060.6243;1.557;;;;;;
;5839.9903;5838.3718;3.943;;;6064.5271;6062.8484;2.176;;;;;;
;5846.5391;5844.9188;4.154;;;6084.3946;6082.7106;2.223;;;;;;
;5846.9073;5845.2869;5.033;;;6101.9603;6100.2716;4.558;;;;;;
;5851.3056;5849.684;3.694;;;6103.8669;6102.1777;4.607;;;;;;
;5852.8271;5851.2052;4.955;;;6106.8214;6105.1314;4.548;;;;;;
;5854.7708;5853.1483;1.485;;;6138.3138;6136.6153;2.453;;;;;;
;5855.3052;5853.6826;4.191;;;6138.6932;6136.9947;2.198;;;;;;
;5856.6996;5855.0766;4.607;;;6139.3904;6137.6917;2.588;;;;;;
;5857.7113;5856.088;4.294;;;6165.2502;6163.5445;2.198;;;;;;
;5859.8892;5858.2654;2.433;;;6216.8633;6215.1438;4.186;;;;;;
;5860.4019;5858.778;4.22;;;6282.3553;6280.6182;0.859;;;;;;
;5861.2109;5859.5867;4.548;;;6292.7054;6290.9656;4.733;;;;;;
;5863.9814;5862.3565;4.548;;;6304.2365;6302.4936;3.686;;;;;;
;5885.4476;5883.817;3.96;;;6313.2457;6311.5003;2.831;;;;;;
;5899.8498;5898.2153;4.733;;;6340.6302;6338.8775;4.795;;;;;;
;5904.1092;5902.4736;4.593;;;6345.9033;6344.1491;2.433;;;;;;
;5907.3085;5905.672;4.652;;;6356.7861;6355.029;2.845;;;;;;
;5908.4799;5906.843;4.913;;;6401.7704;6400.0012;3.602;;;;;;
;5909.5005;5907.8634;3.694;;;6402.0872;6400.318;0.915;;;;;;
;5911.6112;5909.9736;3.211;;;6421.4198;6419.6454;3.943;;;;;;
;5917.8867;5916.2474;2.453;;;6496.2944;6494.4999;4.733;;;;;;
;5929.4316;5927.7891;4.652;;;6497.5371;6495.7422;4.835;;;;;;
;5931.3202;5929.6772;4.548;;;6540.3002;6538.4939;4.143;;;;;;
;5931.8229;5930.1799;4.652;;;6553.4879;6551.678;0.99;;;;;;
;5942.6375;5940.9915;4.178;;;6576.832;6575.0158;2.588;;;;;;
;5945.2251;5943.5784;2.198;;;6583.028;6581.2101;1.485;;;;;;
;5954.3675;5952.7184;3.984;;;6609.851;6608.026;2.279;;;;;;
;5958.3446;5956.6944;0.859;;;6610.9356;6609.1103;2.559;;;;;;
;5971.2159;5969.5622;4.283;;;6615.6521;6613.8254;1.011;;;;;;
;5978.4327;5976.7771;3.943;;;6626.8517;6625.022;1.011;;;;;;
;5985.3384;5983.681;4.548;;;6649.9169;6648.081;1.011;;;;;;
;6004.6749;6003.0123;3.881;;;6665.2821;6663.4421;2.424;;;;;;
;6007.2046;6005.5413;2.588;;;6669.2601;6667.4191;2.453;;;;;;
;6009.6241;6007.9601;4.652;;;6669.5524;6667.7113;4.584;;;;;;
;6010.2207;6008.5566;3.883;;;6689.3386;6687.4922;4.143;;;;;;
;6013.875;6012.2099;2.223;;;6694.1201;6692.2724;4.076;;;;;;
;6016.9102;6015.2443;2.223;;;6709.2849;6707.4332;4.607;;;;;;
;6021.0329;6019.3659;3.573;;;6739.847;6737.987;4.558;;;;;;
;6023.4588;6021.7912;2.198;;;6754.5711;6752.7071;4.638;;;;;;
;6025.7262;6024.058;4.548;;;6755.3281;6753.4639;4.558;;;;;;
;6028.72;6027.0509;4.076;;;6779.28;6777.4094;4.186;;;;;;
;6055.7504;6054.0741;4.371;;;6785.5762;6783.7039;2.588;;;;;;
;6057.6815;6056.0047;4.733;;;6787.6133;6785.7405;4.584;;;;;;
;6080.1739;6078.4911;4.795;;;6788.2999;6786.4268;3.241;;;;;;
;6080.6922;6079.0093;4.652;;;6805.8786;6804.0009;4.652;;;;;;
;6086.9437;6085.259;2.758;;;6806.1492;6804.2713;4.584;;;;;;
;6095.3313;6093.6444;4.607;;;7166.4234;7164.4486;4.191;;;;;;
;6096.0607;6094.3736;4.652;;;7189.299;7187.318;4.103;;;;;;
;6098.353;6096.6653;3.984;;;7209.0979;7207.1116;4.076;;;;;;
;6099.9329;6098.2447;4.558;;;7209.3744;7207.388;4.154;;;;;;
;6121.9435;6120.2494;0.915;;;7290.7468;7288.7385;4.22;;;;;;
;6129.6027;6127.9066;4.143;;;7309.9453;7307.9318;4.143;;;;;;
;6143.4318;6141.732;3.602;;;7313.0902;7311.0759;4.283;;;;;;
;6153.3206;6151.6181;2.176;;;7432.9034;7430.8567;4.607;;;;;;
;6159.4325;6157.7284;4.076;;;7475.6121;7473.5539;4.607;;;;;;
;6167.0664;6165.3603;4.143;;;7497.1314;7495.0674;4.22;;;;;;
;6175.0438;6173.3356;2.223;;;7509.3335;7507.2663;4.415;;;;;;
;6181.9143;6180.2042;2.727;;;7561.8015;7559.72;5.064;;;;;;
;6189.7026;6187.9904;3.943;;;7565.0931;7563.0108;4.835;;;;;;
;6202.0285;6200.3129;2.608;;;7584.2094;7582.1219;4.955;;;;;;
;6215.1493;6213.4303;2.223;;;7590.3944;7588.3053;5.033;;;;;;
;6221.0016;6219.281;2.198;;;7620.0869;7617.9897;4.186;;;;;;
;6234.3654;6232.6412;3.654;;;7622.6106;7620.5128;4.733;;;;;;
;6242.3726;6240.6462;2.223;;;7655.8664;7653.7596;4.795;;;;;;
;6248.0467;6246.3188;3.602;;;7666.4029;7664.2933;2.99;;;;;;
;6254.285;6252.5554;2.404;;;7691.1528;7689.0365;5.099;;;;;;
;6255.9885;6254.2585;2.279;;;7698.9311;7696.8127;5.064;;;;;;
;6258.0921;6256.3615;2.453;;;7722.8379;7720.713;5.085;;;;;;
;6266.8669;6265.134;2.176;;;7822.9553;7820.8034;4.294;;;;;;
;6271.9593;6270.225;2.858;;;7857.56;7855.3988;5.064;;;;;;
;6299.5348;6297.7931;2.223;;;7871.7757;7869.6106;4.371;;;;;;
;6303.2439;6301.5012;3.654;;;7926.3302;7924.1504;4.795;;;;;;
;6317.558;6315.8115;4.076;;;7948.0326;7945.8469;4.386;;;;;;
;6319.7647;6318.0175;2.453;;;7957.1226;7954.9345;2.99;;;;;;
;6324.4338;6322.6855;2.588;;;7961.3328;7959.1435;5.033;;;;;;
;6332.6001;6330.8495;4.733;;;8074.3845;8072.1647;2.424;;;;;;
;6337.0826;6335.3308;2.198;;;8077.3715;8075.1509;0.915;;;;;;
;6338.5765;6336.8243;3.686;;;8082.7695;8080.5475;3.301;;;;;;
;6364.6354;6362.8763;4.186;;;8087.3956;8085.1723;4.445;;;;;;
;6382.5072;6380.7433;4.186;;;8099.1019;8096.8755;4.076;;;;;;
;6387.4838;6385.7185;4.733;;;8110.5507;8108.3212;2.727;;;;;;
;6394.3059;6392.5388;2.279;;;8114.3941;8112.1635;2.692;;;;;;
;6395.3687;6393.6013;2.433;;;8148.9172;8146.6773;3.274;;;;;;
;6409.7896;6408.0184;3.686;;;8181.2427;8178.994;4.312;;;;;;
;6413.4216;6411.6493;3.654;;;8218.0634;8215.8048;5.742;;;;;;
;6421.7241;6419.9496;4.733;;;8234.0085;8231.7456;4.913;;;;;;
;6432.6238;6430.8464;2.176;;;8234.5808;8232.3178;4.415;;;;;;
;6438.1862;6436.4072;4.186;;;8271.9219;8269.6488;4.593;;;;;;
;6466.4507;6464.6642;0.958;;;8278.1669;8275.8921;4.955;;;;;;
;6477.4139;6475.6244;2.559;;;8334.2056;8331.9157;4.386;;;;;;
;6483.6614;6481.8703;2.279;;;8341.6959;8339.4039;4.434;;;;;;
;6496.7751;6494.9805;2.404;;;8345.1501;8342.8571;4.988;;;;;;
;6498.2616;6496.4666;4.795;;;8374.4147;8372.1139;5.792;;;;;;
;6500.735;6498.9392;0.958;;;8403.7088;8401.4;2.484;;;;;;
;6505.9807;6504.1835;4.733;;;8426.4555;8424.1406;4.955;;;;;;
;6511.4154;6509.6168;4.076;;;8448.7053;8446.3844;4.988;;;;;;
;6520.1681;6518.3671;2.831;;;8474.0721;8471.7444;4.955;;;;;;
;6535.7346;6533.9294;4.558;;;8712.7838;8710.3915;4.913;;;;;;
;6548.0479;6546.2395;2.758;;;8786.8528;8784.4405;4.955;;;;;;
;6558.5993;6556.788;4.795;;;8795.7586;8793.3438;4.607;;;;;;
;6571.0301;6569.2155;4.733;;;8807.0437;8804.6258;2.279;;;;;;
;6593.1334;6591.3129;4.593;;;8810.5898;8808.171;5.009;;;;;;
;6594.7348;6592.9138;2.727;;;8840.8559;8838.429;2.858;;;;;;
;6595.6917;6593.8705;2.433;;;8957.3975;8954.939;2.559;;;;;;
;6599.3833;6597.5611;4.795;;;8977.8647;8975.4007;2.99;;;;;;
;6606.4131;6604.589;4.835;;;9026.8464;9024.3691;4.913;;;;;;
;6629.3751;6627.5448;4.548;;;9106.1362;9103.6375;4.178;;;;;;
;6635.2444;6633.4125;4.835;;;9114.7433;9112.2422;4.991;;;;;;
;6635.5816;6633.7497;4.558;;;9119.6351;9117.1327;2.858;;;;;;
;6635.9392;6634.1071;4.795;;;;;;;;;;;
;6648.7673;6646.9318;2.608;;;;;;;;;;;
;6655.6901;6653.8527;4.154;;;;;;;;;;;
;6679.8308;6677.987;2.692;;;;;;;;;;;
;6700.9914;6699.1418;4.593;;;;;;;;;;;
;6705.4182;6703.5674;2.758;;;;;;;;;;;
;6706.3319;6704.4809;4.217;;;;;;;;;;;
;6706.9535;6705.1024;4.607;;;;;;;;;;;
;6712.1721;6710.3195;1.485;;;;;;;;;;;
;6715.5983;6713.7448;4.795;;;;;;;;;;;
;6717.2372;6715.3832;4.607;;;;;;;;;;;
;6727.2138;6725.3572;4.103;;;;;;;;;;;
;6728.5238;6726.6668;4.607;;;;;;;;;;;
;6732.1503;6730.2924;4.913;;;;;;;;;;;
;6733.9233;6732.0649;4.584;;;;;;;;;;;
;6735.01;6733.1513;4.638;;;;;;;;;;;
;6741.3823;6739.5219;1.557;;;;;;;;;;;
;6746.9632;6745.1013;4.58;;;;;;;;;;;
;6747.8186;6745.9565;4.076;;;;;;;;;;;
;6748.8173;6746.9549;2.608;;;;;;;;;;;
;6752.0157;6750.1525;2.424;;;;;;;;;;;
;6788.7335;6786.8604;4.191;;;;;;;;;;;
;6795.1341;6793.2592;4.076;;;;;;;;;;;
;6808.7234;6806.8449;2.727;;;;;;;;;;;
;6812.1422;6810.2628;4.607;;;;;;;;;;;
;6822.2541;6820.3719;4.638;;;;;;;;;;;
;6830.4756;6828.5912;4.638;;;;;;;;;;;
;6838.8928;6837.0061;4.593;;;;;;;;;;;
;6841.7179;6839.8305;2.559;;;;;;;;;;;
;6844.574;6842.6858;4.638;;;;;;;;;;;
;6845.5444;6843.656;4.548;;;;;;;;;;;
;6857.0537;6855.1621;4.558;;;;;;;;;;;
;6859.1424;6857.2503;4.076;;;;;;;;;;;
;6860.0421;6858.1498;4.607;;;;;;;;;;;
;6918.5896;6916.6815;4.154;;;;;;;;;;;
;6947.121;6945.2052;2.424;;;;;;;;;;;
;6980.7765;6978.8516;2.484;;;;;;;;;;;
;7001.8146;6999.8841;4.103;;;;;;;;;;;
;7024.8907;7022.9539;4.191;;;;;;;;;;;
;7040.1643;7038.2234;4.217;;;;;;;;;;;
;7092.3384;7090.3835;4.23;;;;;;;;;;;
;7132.8879;7130.9221;4.217;;;;;;;;;;;
;7134.9526;7132.9863;4.076;;;;;;;;;;;
;7183.1753;7181.1959;4.22;;;;;;;;;;;
;7391.4342;7389.3988;4.301;;;;;;;;;;;
;7403.7236;7401.6849;4.186;;;;;;;;;;;
;7413.1957;7411.1544;4.283;;;;;;;;;;;
;7420.7108;7418.6674;4.143;;;;;;;;;;;
;7442.9616;7440.9122;4.913;;;;;;;;;;;
;7445.0723;7443.0224;4.186;;;;;;;;;;;
;7447.8015;7445.7508;4.256;;;;;;;;;;;
;7449.4449;7447.3938;4.955;;;;;;;;;;;
;7463.5755;7461.5206;2.559;;;;;;;;;;;
;7493.7117;7491.6486;4.301;;;;;;;;;;;
;7513.0887;7511.0205;4.178;;;;;;;;;;;
;7533.2189;7531.1451;4.371;;;;;;;;;;;
;7543.9894;7541.9128;5.099;;;;;;;;;;;
;7549.975;7547.8968;5.099;;;;;;;;;;;
;7570.9838;7568.8999;4.283;;;;;;;;;;;
;7585.8761;7583.7882;3.018;;;;;;;;;;;
;7588.1072;7586.0187;4.312;;;;;;;;;;;
;7712.4865;7710.3645;4.22;;;;;;;;;;;
;7721.173;7719.0486;5.033;;;;;;;;;;;
;7725.3335;7723.208;2.279;;;;;;;;;;;
;7735.8516;7733.7232;5.064;;;;;;;;;;;
;7739.7955;7737.6661;4.415;;;;;;;;;;;
;7744.8356;7742.7047;4.991;;;;;;;;;;;
;7747.6455;7745.514;5.085;;;;;;;;;;;
;7748.7262;7746.5943;5.064;;;;;;;;;;;
;7750.4017;7748.2694;2.949;;;;;;;;;;;
;7753.2422;7751.1091;4.991;;;;;;;;;;;
;7782.6983;7780.5573;4.473;;;;;;;;;;;
;7804.6198;7802.4728;5.085;;;;;;;;;;;
;7810.0575;7807.9091;4.991;;;;;;;;;;;
;7834.3517;7832.1968;4.434;;;;;;;;;;;
;7846.7172;7844.5589;4.835;;;;;;;;;;;
;7881.9262;7879.7584;5.033;;;;;;;;;;;
;7915.0437;7912.867;0.859;;;;;;;;;;;
;7939.3239;7937.1406;4.312;;;;;;;;;;;
;7943.2736;7941.0892;3.274;;;;;;;;;;;
;7957.8805;7955.6922;5.033;;;;;;;;;;;
;8001.1458;7998.9458;4.371;;;;;;;;;;;
;8030.1497;8027.9418;3.251;;;;;;;;;;;
;8030.5224;8028.3145;4.473;;;;;;;;;;;
;8048.2606;8046.0479;4.415;;;;;;;;;;;
;8049.8317;8047.6185;0.859;;;;;;;;;;;
;8198.7703;8196.517;4.593;;;;;;;;;;;
;8201.1762;8198.9221;4.434;;;;;;;;;;;
;8206.3584;8204.103;0.915;;;;;;;;;;;
;8207.1929;8204.9372;0.958;;;;;;;;;;;
;8209.9993;8207.7429;4.445;;;;;;;;;;;
;8222.6388;8220.379;4.32;;;;;;;;;;;
;8241.393;8239.1281;2.424;;;;;;;;;;;
;8250.3983;8248.1309;4.371;;;;;;;;;;;
;8295.7942;8293.5146;3.301;;;;;;;;;;;
;8302.2814;8300.0001;5.067;;;;;;;;;;;
;8329.345;8327.0563;2.198;;;;;;;;;;;
;8351.3395;8349.0449;0.915;;;;;;;;;;;
;8363.0934;8360.7956;4.473;;;;;;;;;;;
;8367.9326;8365.6336;3.251;;;;;;;;;;;
;8390.0775;8387.7725;2.176;;;;;;;;;;;
;8441.8911;8439.5721;4.548;;;;;;;;;;;
;8470.7343;8468.4074;2.223;;;;;;;;;;;
;8484.3124;8481.9818;4.186;;;;;;;;;;;
;8516.4113;8514.0721;2.198;;;;;;;;;;;
;8529.0116;8526.669;4.913;;;;;;;;;;;
;8574.1601;8571.8052;5.009;;;;;;;;;;;
;8584.615;8582.2574;2.99;;;;;;;;;;;
;8595.3113;8592.9507;4.955;;;;;;;;;;;
;8601.1924;8598.8302;4.386;;;;;;;;;;;
;8612.9773;8610.612;4.434;;;;;;;;;;;
;8614.1696;8611.804;2.845;;;;;;;;;;;
;8616.3072;8613.941;4.988;;;;;;;;;;;
;8618.6464;8616.2796;4.913;;;;;;;;;;;
;8623.969;8621.6007;2.949;;;;;;;;;;;
;8691.0119;8688.6255;2.176;;;;;;;;;;;
;8701.8433;8699.454;4.955;;;;;;;;;;;
;8715.5965;8713.2034;4.988;;;;;;;;;;;
;8759.5926;8757.1876;2.845;;;;;;;;;;;
;8766.3732;8763.9664;4.652;;;;;;;;;;;
;8798.8992;8796.4836;4.955;;;;;;;;;;;
;8826.6442;8824.2211;2.198;;;;;;;;;;;
;8849.1699;8846.7407;5.009;;;;;;;;;;;
;8869.3676;8866.9329;4.548;;;;;;;;;;;
;8870.8641;8868.429;3.018;;;;;;;;;;;
;8878.4612;8876.0241;5.02;;;;;;;;;;;
;8931.5292;8929.0777;5.085;;;;;;;;;;;
;8945.5192;8943.0639;2.831;;;;;;;;;;;
;8947.6459;8945.19;5.033;;;;;;;;;;;
;8948.718;8946.2619;2.845;;;;;;;;;;;
;8952.6461;8950.1888;4.154;;;;;;;;;;;
;8987.3552;8984.8886;5.099;;;;;;;;;;;
;9002.0272;8999.5566;2.831;;;;;;;;;;;
;9013.0681;9010.5946;2.608;;;;;;;;;;;
;9016.452;9013.9776;2.279;;;;;;;;;;;
;9022.2229;9019.7469;5.099;;;;;;;;;;;
;9033.1919;9030.7129;2.845;;;;;;;;;;;
;9072.8928;9070.4031;5.085;;;;;;;;;;;
;9082.0731;9079.5808;4.652;;;;;;;;;;;
;9086.6788;9084.1854;4.256;;;;;;;;;;;
;9090.8132;9088.3186;2.845;;;;;;;;;;;
;9091.8993;9089.4044;2.949;;;;;;;;;;;
;9122.4737;9119.9705;4.283;;;;;;;;;;;
;;;;;;;;;;;;;;
;;;;;;;;;;;;;;
;;;;;;;;;;;;;;
;;;;;;;;;;;;;;
;;;;;;;;;;;;;;
;;;;;;;;;;;;;;
;;;;;;;;;;;;;;
;;;;;;;;;;;;;;
;;;;;;;;;;;;;;
;;;;;;;;;;;;;;
;;;;;;;;;;;;;;
;;;;;;;;;;;;;;
;;;;;;;;;;;;;;
;;;;;;;;;;;;;;
;;;;;;;;;;;;;;
;;;;;;;;;;;;;;
;;;;;;;;;;;;;;
;;;;;;;;;;;;;;
;;;;;;;;;;;;;;
;;;;;;;;;;;;;;
;;;;;;;;;;;;;;
;;;;;;;;;;;;;;
;;;;;;;;;;;;;;
;;;;;;;;;;;;;;
;;;;;;;;;;;;;;
;;;;;;;;;;;;;;
;;;;;;;;;;;;;;
;;;;;;;;;;;;;;
;;;;;;;;;;;;;;
;;;;;;;;;;;;;;
;;;;;;;;;;;;;;
;;;;;;;;;;;;;;
;;;;;;;;;;;;;;
;;;;;;;;;;;;;;
;;;;;;;;;;;;;;
;;;;;;;;;;;;;;
;;;;;;;;;;;;;;
;;;;;;;;;;;;;;
;;;;;;;;;;;;;;
;;;;;;;;;;;;;;
;;;;;;;;;;;;;;
;;;;;;;;;;;;;;
;;;;;;;;;;;;;;
;;;;;;;;;;;;;;
;;;;;;;;;;;;;;
;;;;;;;;;;;;;;
;;;;;;;;;;;;;;
;;;;;;;;;;;;;;
;;;;;;;;;;;;;;
;;;;;;;;;;;;;;
;;;;;;;;;;;;;;
;;;;;;;;;;;;;;
;;;;;;;;;;;;;;
;;;;;;;;;;;;;;
;;;;;;;;;;;;;;
;;;;;;;;;;;;;;
;;;;;;;;;;;;;;
;;;;;;;;;;;;;;
;;;;;;;;;;;;;;
;;;;;;;;;;;;;;
;;;;;;;;;;;;;;
;;;;;;;;;;;;;;
;;;;;;;;;;;;;;
;;;;;;;;;;;;;;
;;;;;;;;;;;;;;
;;;;;;;;;;;;;;
;;;;;;;;;;;;;;
;;;;;;;;;;;;;;
;;;;;;;;;;;;;;
;;;;;;;;;;;;;;
;;;;;;;;;;;;;;
;;;;;;;;;;;;;;
;;;;;;;;;;;;;;
;;;;;;;;;;;;;;
;;;;;;;;;;;;;;
;;;;;;;;;;;;;;
;;;;;;;;;;;;;;
;;;;;;;;;;;;;;
;;;;;;;;;;;;;;
;;;;;;;;;;;;;;
;;;;;;;;;;;;;;
;;;;;;;;;;;;;;
;;;;;;;;;;;;;;
;;;;;;;;;;;;;;
;;;;;;;;;;;;;;
;;;;;;;;;;;;;;
;;;;;;;;;;;;;;
;;;;;;;;;;;;;;
;;;;;;;;;;;;;;
;;;;;;;;;;;;;;
;;;;;;;;;;;;;;
;;;;;;;;;;;;;;
;;;;;;;;;;;;;;
;;;;;;;;;;;;;;
;;;;;;;;;;;;;;
;;;;;;;;;;;;;;
;;;;;;;;;;;;;;
;;;;;;;;;;;;;;
;;;;;;;;;;;;;;
;;;;;;;;;;;;;;
;;;;;;;;;;;;;;
;;;;;;;;;;;;;;
;;;;;;;;;;;;;;
;;;;;;;;;;;;;;
;;;;;;;;;;;;;;
;;;;;;;;;;;;;;
;;;;;;;;;;;;;;
;;;;;;;;;;;;;;
;;;;;;;;;;;;;;
;;;;;;;;;;;;;;
;;;;;;;;;;;;;;
;;;;;;;;;;;;;;
;;;;;;;;;;;;;;
;;;;;;;;;;;;;;
;;;;;;;;;;;;;;
;;;;;;;;;;;;;;
;;;;;;;;;;;;;;
;;;;;;;;;;;;;;
;;;;;;;;;;;;;;
;;;;;;;;;;;;;;
;;;;;;;;;;;;;;
;;;;;;;;;;;;;;
;;;;;;;;;;;;;;
;;;;;;;;;;;;;;
;;;;;;;;;;;;;;
;;;;;;;;;;;;;;
;;;;;;;;;;;;;;
;;;;;;;;;;;;;;
;;;;;;;;;;;;;;
;;;;;;;;;;;;;;
;;;;;;;;;;;;;;
;;;;;;;;;;;;;;
;;;;;;;;;;;;;;
;;;;;;;;;;;;;;
;;;;;;;;;;;;;;
;;;;;;;;;;;;;;
;;;;;;;;;;;;;;
;;;;;;;;;;;;;;
;;;;;;;;;;;;;;
;;;;;;;;;;;;;;
;;;;;;;;;;;;;;
;;;;;;;;;;;;;;
;;;;;;;;;;;;;;
;;;;;;;;;;;;;;
;;;;;;;;;;;;;;
;;;;;;;;;;;;;;
;;;;;;;;;;;;;;
;;;;;;;;;;;;;;
;;;;;;;;;;;;;;
;;;;;;;;;;;;;;
;;;;;;;;;;;;;;
;;;;;;;;;;;;;;
;;;;;;;;;;;;;;
;;;;;;;;;;;;;;
;;;;;;;;;;;;;;
;;;;;;;;;;;;;;
;;;;;;;;;;;;;;
;;;;;;;;;;;;;;
;;;;;;;;;;;;;;
;;;;;;;;;;;;;;
;;;;;;;;;;;;;;
;;;;;;;;;;;;;;
;;;;;;;;;;;;;;
;;;;;;;;;;;;;;
;;;;;;;;;;;;;;
;;;;;;;;;;;;;;
;;;;;;;;;;;;;;
;;;;;;;;;;;;;;
;;;;;;;;;;;;;;
;;;;;;;;;;;;;;
;;;;;;;;;;;;;;
;;;;;;;;;;;;;;
;;;;;;;;;;;;;;
;;;;;;;;;;;;;;
;;;;;;;;;;;;;;
;;;;;;;;;;;;;;
;;;;;;;;;;;;;;
;;;;;;;;;;;;;;
;;;;;;;;;;;;;;
;;;;;;;;;;;;;;
;;;;;;;;;;;;;;
;;;;;;;;;;;;;;
;;;;;;;;;;;;;;
;;;;;;;;;;;;;;
;;;;;;;;;;;;;;
;;;;;;;;;;;;;;
;;;;;;;;;;;;;;
;;;;;;;;;;;;;;
;;;;;;;;;;;;;;
;;;;;;;;;;;;;;
;;;;;;;;;;;;;;
;;;;;;;;;;;;;;
;;;;;;;;;;;;;;
;;;;;;;;;;;;;;
;;;;;;;;;;;;;;
;;;;;;;;;;;;;;
;;;;;;;;;;;;;;
;;;;;;;;;;;;;;
;;;;;;;;;;;;;;
;;;;;;;;;;;;;;
;;;;;;;;;;;;;;
;;;;;;;;;;;;;;
;;;;;;;;;;;;;;
;;;;;;;;;;;;;;
;;;;;;;;;;;;;;
;;;;;;;;;;;;;;
;;;;;;;;;;;;;;
;;;;;;;;;;;;;;
;;;;;;;;;;;;;;
;;;;;;;;;;;;;;
;;;;;;;;;;;;;;
;;;;;;;;;;;;;;
;;;;;;;;;;;;;;
;;;;;;;;;;;;;;
;;;;;;;;;;;;;;
;;;;;;;;;;;;;;
;;;;;;;;;;;;;;
;;;;;;;;;;;;;;
;;;;;;;;;;;;;;
;;;;;;;;;;;;;;
;;;;;;;;;;;;;;
;;;;;;;;;;;;;;
;;;;;;;;;;;;;;
;;;;;;;;;;;;;;
;;;;;;;;;;;;;;
;;;;;;;;;;;;;;
;;;;;;;;;;;;;;
;;;;;;;;;;;;;;
;;;;;;;;;;;;;;
;;;;;;;;;;;;;;
;;;;;;;;;;;;;;
;;;;;;;;;;;;;;
;;;;;;;;;;;;;;
;;;;;;;;;;;;;;
;;;;;;;;;;;;;;
;;;;;;;;;;;;;;
;;;;;;;;;;;;;;
;;;;;;;;;;;;;;
;;;;;;;;;;;;;;
;;;;;;;;;;;;;;
;;;;;;;;;;;;;;
;;;;;;;;;;;;;;
;;;;;;;;;;;;;;
;;;;;;;;;;;;;;
;;;;;;;;;;;;;;
;;;;;;;;;;;;;;
;;;;;;;;;;;;;;
;;;;;;;;;;;;;;
;;;;;;;;;;;;;;
;;;;;;;;;;;;;;
;;;;;;;;;;;;;;
;;;;;;;;;;;;;;
;;;;;;;;;;;;;;
;;;;;;;;;;;;;;
;;;;;;;;;;;;;;
;;;;;;;;;;;;;;
;;;;;;;;;;;;;;
;;;;;;;;;;;;;;
;;;;;;;;;;;;;;
;;;;;;;;;;;;;;
;;;;;;;;;;;;;;
;;;;;;;;;;;;;;
;;;;;;;;;;;;;;
;;;;;;;;;;;;;;
;;;;;;;;;;;;;;
;;;;;;;;;;;;;;
;;;;;;;;;;;;;;
;;;;;;;;;;;;;;
;;;;;;;;;;;;;;
;;;;;;;;;;;;;;
;;;;;;;;;;;;;;
;;;;;;;;;;;;;;
;;;;;;;;;;;;;;
;;;;;;;;;;;;;;
;;;;;;;;;;;;;;
;;;;;;;;;;;;;;
;;;;;;;;;;;;;;
;;;;;;;;;;;;;;
;;;;;;;;;;;;;;
;;;;;;;;;;;;;;
;;;;;;;;;;;;;;
;;;;;;;;;;;;;;
;;;;;;;;;;;;;;
;;;;;;;;;;;;;;
;;;;;;;;;;;;;;
;;;;;;;;;;;;;;
;;;;;;;;;;;;;;
;;;;;;;;;;;;;;
;;;;;;;;;;;;;;
;;;;;;;;;;;;;;
;;;;;;;;;;;;;;
;;;;;;;;;;;;;;
;;;;;;;;;;;;;;
;;;;;;;;;;;;;;
;;;;;;;;;;;;;;
;;;;;;;;;;;;;;
;;;;;;;;;;;;;;
;;;;;;;;;;;;;;
;;;;;;;;;;;;;;
;;;;;;;;;;;;;;
;;;;;;;;;;;;;;
;;;;;;;;;;;;;;
;;;;;;;;;;;;;;
;;;;;;;;;;;;;;
;;;;;;;;;;;;;;
;;;;;;;;;;;;;;
;;;;;;;;;;;;;;
;;;;;;;;;;;;;;
;;;;;;;;;;;;;;
;;;;;;;;;;;;;;
;;;;;;;;;;;;;;
;;;;;;;;;;;;;;
;;;;;;;;;;;;;;
;;;;;;;;;;;;;;
;;;;;;;;;;;;;;
;;;;;;;;;;;;;;
;;;;;;;;;;;;;;
;;;;;;;;;;;;;;
;;;;;;;;;;;;;;
;;;;;;;;;;;;;;
;;;;;;;;;;;;;;
;;;;;;;;;;;;;;
;;;;;;;;;;;;;;
;;;;;;;;;;;;;;
;;;;;;;;;;;;;;
;;;;;;;;;;;;;;
;;;;;;;;;;;;;;
;;;;;;;;;;;;;;
;;;;;;;;;;;;;;
;;;;;;;;;;;;;;
;;;;;;;;;;;;;;
;;;;;;;;;;;;;;
;;;;;;;;;;;;;;
;;;;;;;;;;;;;;
;;;;;;;;;;;;;;
;;;;;;;;;;;;;;
;;;;;;;;;;;;;;
;;;;;;;;;;;;;;
;;;;;;;;;;;;;;
;;;;;;;;;;;;;;
;;;;;;;;;;;;;;
;;;;;;;;;;;;;;
;;;;;;;;;;;;;;
;;;;;;;;;;;;;;
;;;;;;;;;;;;;;
;;;;;;;;;;;;;;
;;;;;;;;;;;;;;
;;;;;;;;;;;;;;
;;;;;;;;;;;;;;
;;;;;;;;;;;;;;
;;;;;;;;;;;;;;
;;;;;;;;;;;;;;
;;;;;;;;;;;;;;
;;;;;;;;;;;;;;
;;;;;;;;;;;;;;
;;;;;;;;;;;;;;
;;;;;;;;;;;;;;
;;;;;;;;;;;;;;
;;;;;;;;;;;;;;
;;;;;;;;;;;;;;
;;;;;;;;;;;;;;
;;;;;;;;;;;;;;
;;;;;;;;;;;;;;
;;;;;;;;;;;;;;
;;;;;;;;;;;;;;
;;;;;;;;;;;;;;
;;;;;;;;;;;;;;
;;;;;;;;;;;;;;
;;;;;;;;;;;;;;
;;;;;;;;;;;;;;
;;;;;;;;;;;;;;
;;;;;;;;;;;;;;
;;;;;;;;;;;;;;
;;;;;;;;;;;;;;
;;;;;;;;;;;;;;
;;;;;;;;;;;;;;
;;;;;;;;;;;;;;
;;;;;;;;;;;;;;
;;;;;;;;;;;;;;
;;;;;;;;;;;;;;
;;;;;;;;;;;;;;
;;;;;;;;;;;;;;
;;;;;;;;;;;;;;
;;;;;;;;;;;;;;
;;;;;;;;;;;;;;
;;;;;;;;;;;;;;
;;;;;;;;;;;;;;
;;;;;;;;;;;;;;
;;;;;;;;;;;;;;
;;;;;;;;;;;;;;
;;;;;;;;;;;;;;
;;;;;;;;;;;;;;
;;;;;;;;;;;;;;
;;;;;;;;;;;;;;
;;;;;;;;;;;;;;
;;;;;;;;;;;;;;
;;;;;;;;;;;;;;
;;;;;;;;;;;;;;
;;;;;;;;;;;;;;
;;;;;;;;;;;;;;
;;;;;;;;;;;;;;
;;;;;;;;;;;;;;
;;;;;;;;;;;;;;
;;;;;;;;;;;;;;
;;;;;;;;;;;;;;
;;;;;;;;;;;;;;
;;;;;;;;;;;;;;
;;;;;;;;;;;;;;
;;;;;;;;;;;;;;
;;;;;;;;;;;;;;
;;;;;;;;;;;;;;
;;;;;;;;;;;;;;
;;;;;;;;;;;;;;
;;;;;;;;;;;;;;
;;;;;;;;;;;;;;
;;;;;;;;;;;;;;
;;;;;;;;;;;;;;
;;;;;;;;;;;;;;
;;;;;;;;;;;;;;
;;;;;;;;;;;;;;
;;;;;;;;;;;;;;
;;;;;;;;;;;;;;
;;;;;;;;;;;;;;
;;;;;;;;;;;;;;
;;;;;;;;;;;;;;
;;;;;;;;;;;;;;
;;;;;;;;;;;;;;
;;;;;;;;;;;;;;
;;;;;;;;;;;;;;
;;;;;;;;;;;;;;
;;;;;;;;;;;;;;
;;;;;;;;;;;;;;
;;;;;;;;;;;;;;
;;;;;;;;;;;;;;
;;;;;;;;;;;;;;
;;;;;;;;;;;;;;
;;;;;;;;;;;;;;
;;;;;;;;;;;;;;
;;;;;;;;;;;;;;
;;;;;;;;;;;;;;
;;;;;;;;;;;;;;
;;;;;;;;;;;;;;
;;;;;;;;;;;;;;
;;;;;;;;;;;;;;
;;;;;;;;;;;;;;
;;;;;;;;;;;;;;
;;;;;;;;;;;;;;
;;;;;;;;;;;;;;
;;;;;;;;;;;;;;
;;;;;;;;;;;;;;
;;;;;;;;;;;;;;
;;;;;;;;;;;;;;
;;;;;;;;;;;;;;
;;;;;;;;;;;;;;
;;;;;;;;;;;;;;
;;;;;;;;;;;;;;
;;;;;;;;;;;;;;
;;;;;;;;;;;;;;
;;;;;;;;;;;;;;
;;;;;;;;;;;;;;
;;;;;;;;;;;;;;
;;;;;;;;;;;;;;
;;;;;;;;;;;;;;
;;;;;;;;;;;;;;
;;;;;;;;;;;;;;
;;;;;;;;;;;;;;
;;;;;;;;;;;;;;
;;;;;;;;;;;;;;
;;;;;;;;;;;;;;
;;;;;;;;;;;;;;
;;;;;;;;;;;;;;
;;;;;;;;;;;;;;
;;;;;;;;;;;;;;
;;;;;;;;;;;;;;
;;;;;;;;;;;;;;
;;;;;;;;;;;;;;
;;;;;;;;;;;;;;
;;;;;;;;;;;;;;
;;;;;;;;;;;;;;
;;;;;;;;;;;;;;
;;;;;;;;;;;;;;
;;;;;;;;;;;;;;
;;;;;;;;;;;;;;
;;;;;;;;;;;;;;
;;;;;;;;;;;;;;
;;;;;;;;;;;;;;
;;;;;;;;;;;;;;
;;;;;;;;;;;;;;
;;;;;;;;;;;;;;
;;;;;;;;;;;;;;
;;;;;;;;;;;;;;
;;;;;;;;;;;;;;
;;;;;;;;;;;;;;
;;;;;;;;;;;;;;
;;;;;;;;;;;;;;
;;;;;;;;;;;;;;
;;;;;;;;;;;;;;
;;;;;;;;;;;;;;
;;;;;;;;;;;;;;
;;;;;;;;;;;;;;
;;;;;;;;;;;;;;
;;;;;;;;;;;;;;
;;;;;;;;;;;;;;
;;;;;;;;;;;;;;
;;;;;;;;;;;;;;
;;;;;;;;;;;;;;
;;;;;;;;;;;;;;
;;;;;;;;;;;;;;
;;;;;;;;;;;;;;
;;;;;;;;;;;;;;
;;;;;;;;;;;;;;
;;;;;;;;;;;;;;
;;;;;;;;;;;;;;
;;;;;;;;;;;;;;
;;;;;;;;;;;;;;
;;;;;;;;;;;;;;
;;;;;;;;;;;;;;
;;;;;;;;;;;;;;
;;;;;;;;;;;;;;
;;;;;;;;;;;;;;
;;;;;;;;;;;;;;
;;;;;;;;;;;;;;
;;;;;;;;;;;;;;
;;;;;;;;;;;;;;
;;;;;;;;;;;;;;
;;;;;;;;;;;;;;
;;;;;;;;;;;;;;
;;;;;;;;;;;;;;
;;;;;;;;;;;;;;
;;;;;;;;;;;;;;
;;;;;;;;;;;;;;
;;;;;;;;;;;;;;
;;;;;;;;;;;;;;
;;;;;;;;;;;;;;
;;;;;;;;;;;;;;
;;;;;;;;;;;;;;
;;;;;;;;;;;;;;
;;;;;;;;;;;;;;
;;;;;;;;;;;;;;
;;;;;;;;;;;;;;
;;;;;;;;;;;;;;
;;;;;;;;;;;;;;
;;;;;;;;;;;;;;
;;;;;;;;;;;;;;
;;;;;;;;;;;;;;
;;;;;;;;;;;;;;
;;;;;;;;;;;;;;
;;;;;;;;;;;;;;
;;;;;;;;;;;;;;
;;;;;;;;;;;;;;
;;;;;;;;;;;;;;
;;;;;;;;;;;;;;
;;;;;;;;;;;;;;
;;;;;;;;;;;;;;
;;;;;;;;;;;;;;
;;;;;;;;;;;;;;
;;;;;;;;;;;;;;
;;;;;;;;;;;;;;
;;;;;;;;;;;;;;
;;;;;;;;;;;;;;
;;;;;;;;;;;;;;
;;;;;;;;;;;;;;
;;;;;;;;;;;;;;
;;;;;;;;;;;;;;
;;;;;;;;;;;;;;
;;;;;;;;;;;;;;
;;;;;;;;;;;;;;
;;;;;;;;;;;;;;
;;;;;;;;;;;;;;
;;;;;;;;;;;;;;
;;;;;;;;;;;;;;
;;;;;;;;;;;;;;
;;;;;;;;;;;;;;
;;;;;;;;;;;;;;
;;;;;;;;;;;;;;
;;;;;;;;;;;;;;
;;;;;;;;;;;;;;
;;;;;;;;;;;;;;
;;;;;;;;;;;;;;
;;;;;;;;;;;;;;
;;;;;;;;;;;;;;
;;;;;;;;;;;;;;
;;;;;;;;;;;;;;
;;;;;;;;;;;;;;
;;;;;;;;;;;;;;
;;;;;;;;;;;;;;
;;;;;;;;;;;;;;
;;;;;;;;;;;;;;
;;;;;;;;;;;;;;
;;;;;;;;;;;;;;
;;;;;;;;;;;;;;
;;;;;;;;;;;;;;
;;;;;;;;;;;;;;
;;;;;;;;;;;;;;
;;;;;;;;;;;;;;
;;;;;;;;;;;;;;
;;;;;;;;;;;;;;
;;;;;;;;;;;;;;
;;;;;;;;;;;;;;
;;;;;;;;;;;;;;
;;;;;;;;;;;;;;
;;;;;;;;;;;;;;
;;;;;;;;;;;;;;
;;;;;;;;;;;;;;
;;;;;;;;;;;;;;
;;;;;;;;;;;;;;
;;;;;;;;;;;;;;
;;;;;;;;;;;;;;
;;;;;;;;;;;;;;
;;;;;;;;;;;;;;
;;;;;;;;;;;;;;
;;;;;;;;;;;;;;
;;;;;;;;;;;;;;
;;;;;;;;;;;;;;
;;;;;;;;;;;;;;
;;;;;;;;;;;;;;
;;;;;;;;;;;;;;
;;;;;;;;;;;;;;
;;;;;;;;;;;;;;
;;;;;;;;;;;;;;
;;;;;;;;;;;;;;
;;;;;;;;;;;;;;
;;;;;;;;;;;;;;
;;;;;;;;;;;;;;
;;;;;;;;;;;;;;
;;;;;;;;;;;;;;
;;;;;;;;;;;;;;
;;;;;;;;;;;;;;
;;;;;;;;;;;;;;
;;;;;;;;;;;;;;
;;;;;;;;;;;;;;
;;;;;;;;;;;;;;
;;;;;;;;;;;;;;
;;;;;;;;;;;;;;
;;;;;;;;;;;;;;
;;;;;;;;;;;;;;
;;;;;;;;;;;;;;
;;;;;;;;;;;;;;
;;;;;;;;;;;;;;
;;;;;;;;;;;;;;
;;;;;;;;;;;;;;
;;;;;;;;;;;;;;
;;;;;;;;;;;;;;
;;;;;;;;;;;;;;
;;;;;;;;;;;;;;
;;;;;;;;;;;;;;
;;;;;;;;;;;;;;
;;;;;;;;;;;;;;
;;;;;;;;;;;;;;
;;;;;;;;;;;;;;
;;;;;;;;;;;;;;
;;;;;;;;;;;;;;
;;;;;;;;;;;;;;
;;;;;;;;;;;;;;
;;;;;;;;;;;;;;
;;;;;;;;;;;;;;
;;;;;;;;;;;;;;
;;;;;;;;;;;;;;
;;;;;;;;;;;;;;
;;;;;;;;;;;;;;
;;;;;;;;;;;;;;
;;;;;;;;;;;;;;
;;;;;;;;;;;;;;
;;;;;;;;;;;;;;
;;;;;;;;;;;;;;
;;;;;;;;;;;;;;
;;;;;;;;;;;;;;
;;;;;;;;;;;;;;
;;;;;;;;;;;;;;
;;;;;;;;;;;;;;
;;;;;;;;;;;;;;
;;;;;;;;;;;;;;
;;;;;;;;;;;;;;
;;;;;;;;;;;;;;
;;;;;;;;;;;;;;
;;;;;;;;;;;;;;
;;;;;;;;;;;;;;
;;;;;;;;;;;;;;
;;;;;;;;;;;;;;
;;;;;;;;;;;;;;
;;;;;;;;;;;;;;
;;;;;;;;;;;;;;
;;;;;;;;;;;;;;
;;;;;;;;;;;;;;
;;;;;;;;;;;;;;
;;;;;;;;;;;;;;
;;;;;;;;;;;;;;
;;;;;;;;;;;;;;
;;;;;;;;;;;;;;
;;;;;;;;;;;;;;
;;;;;;;;;;;;;;
;;;;;;;;;;;;;;
;;;;;;;;;;;;;;
;;;;;;;;;;;;;;
;;;;;;;;;;;;;;
;;;;;;;;;;;;;;
;;;;;;;;;;;;;;
;;;;;;;;;;;;;;
;;;;;;;;;;;;;;
;;;;;;;;;;;;;;
;;;;;;;;;;;;;;
;;;;;;;;;;;;;;
;;;;;;;;;;;;;;
;;;;;;;;;;;;;;
;;;;;;;;;;;;;;
;;;;;;;;;;;;;;
;;;;;;;;;;;;;;
;;;;;;;;;;;;;;
;;;;;;;;;;;;;;
;;;;;;;;;;;;;;
;;;;;;;;;;;;;;
;;;;;;;;;;;;;;
;;;;;;;;;;;;;;
;;;;;;;;;;;;;;
;;;;;;;;;;;;;;
;;;;;;;;;;;;;;
;;;;;;;;;;;;;;
;;;;;;;;;;;;;;
;;;;;;;;;;;;;;
;;;;;;;;;;;;;;
;;;;;;;;;;;;;;
;;;;;;;;;;;;;;
;;;;;;;;;;;;;;
;;;;;;;;;;;;;;
;;;;;;;;;;;;;;
;;;;;;;;;;;;;;
;;;;;;;;;;;;;;
;;;;;;;;;;;;;;
;;;;;;;;;;;;;;
;;;;;;;;;;;;;;
;;;;;;;;;;;;;;
;;;;;;;;;;;;;;
;;;;;;;;;;;;;;
;;;;;;;;;;;;;;
;;;;;;;;;;;;;;
;;;;;;;;;;;;;;
;;;;;;;;;;;;;;
;;;;;;;;;;;;;;
;;;;;;;;;;;;;;
;;;;;;;;;;;;;;
;;;;;;;;;;;;;;
;;;;;;;;;;;;;;
;;;;;;;;;;;;;;
;;;;;;;;;;;;;;
;;;;;;;;;;;;;;
;;;;;;;;;;;;;;
;;;;;;;;;;;;;;
;;;;;;;;;;;;;;
;;;;;;;;;;;;;;
;;;;;;;;;;;;;;
;;;;;;;;;;;;;;
;;;;;;;;;;;;;;
;;;;;;;;;;;;;;
;;;;;;;;;;;;;;
;;;;;;;;;;;;;;
;;;;;;;;;;;;;;
;;;;;;;;;;;;;;
;;;;;;;;;;;;;;
;;;;;;;;;;;;;;
;;;;;;;;;;;;;;
;;;;;;;;;;;;;;
;;;;;;;;;;;;;;
;;;;;;;;;;;;;;
;;;;;;;;;;;;;;
;;;;;;;;;;;;;;
;;;;;;;;;;;;;;
;;;;;;;;;;;;;;
;;;;;;;;;;;;;;
;;;;;;;;;;;;;;
;;;;;;;;;;;;;;
;;;;;;;;;;;;;;
;;;;;;;;;;;;;;
;;;;;;;;;;;;;;
;;;;;;;;;;;;;;
;;;;;;;;;;;;;;
;;;;;;;;;;;;;;
;;;;;;;;;;;;;;
;;;;;;;;;;;;;;
;;;;;;;;;;;;;;
;;;;;;;;;;;;;;
;;;;;;;;;;;;;;
;;;;;;;;;;;;;;
;;;;;;;;;;;;;;
;;;;;;;;;;;;;;
;;;;;;;;;;;;;;
;;;;;;;;;;;;;;
;;;;;;;;;;;;;;
;;;;;;;;;;;;;;
;;;;;;;;;;;;;;
;;;;;;;;;;;;;;
;;;;;;;;;;;;;;
;;;;;;;;;;;;;;
;;;;;;;;;;;;;;
;;;;;;;;;;;;;;
;;;;;;;;;;;;;;
;;;;;;;;;;;;;;
;;;;;;;;;;;;;;
;;;;;;;;;;;;;;
;;;;;;;;;;;;;;
;;;;;;;;;;;;;;
;;;;;;;;;;;;;;
;;;;;;;;;;;;;;
;;;;;;;;;;;;;;
;;;;;;;;;;;;;;
;;;;;;;;;;;;;;
;;;;;;;;;;;;;;
;;;;;;;;;;;;;;
;;;;;;;;;;;;;;
;;;;;;;;;;;;;;
;;;;;;;;;;;;;;
;;;;;;;;;;;;;;
;;;;;;;;;;;;;;
;;;;;;;;;;;;;;
;;;;;;;;;;;;;;
;;;;;;;;;;;;;;
;;;;;;;;;;;;;;
;;;;;;;;;;;;;;
;;;;;;;;;;;;;;
;;;;;;;;;;;;;;
;;;;;;;;;;;;;;
;;;;;;;;;;;;;;
;;;;;;;;;;;;;;
;;;;;;;;;;;;;;
;;;;;;;;;;;;;;
;;;;;;;;;;;;;;
;;;;;;;;;;;;;;
;;;;;;;;;;;;;;
;;;;;;;;;;;;;;
